Name, State, E1, E2, E3, E4, E5, E6
McDaniel College,MD,presoffice@mcdaniel.edu,jjasken@mcdaniel.edu,,
McDowell Technical Community College,NC,johngossett@mcdowelltech.edu,,,
McHenry County College,IL,cgabbard@mchenry.edu,,,
McKendree University,IL,dcdobbins@mckendree.edu,cmbahr@mckendree.edu,,
McLennan Community College,TX,jmckown@mclennan.edu,fhills@mclennan.edu,†lstanford@mclennan.edu,
McMurry University,TX,,,,
McNeese State University,LA,,madrian@mcneese.edu,knicholas@mcneese.edu,
McPherson College,KS,†schneidm@mcpherson.edu,,,
MCPHS University,MA,richard.lessard@mcphs.edu,caroline.zeind@mcphs.edu,,
Meadville Lombard Theological School,IL,eortega@meadville.edu,swelch@meadville.edu,,
Mechon L'hoyroa,NY,,,,
Med Academy,FL,,,,
Medaille College,NY,Kenneth.M.Macur@medaille.edu,lori.v.quigley@medaille.edu,,
MediaTech Institute-Dallas,TX,,wes@mediatech.edu,,
MediaTech Institute-Houston,TX,, ,,
Medical Allied Career Center,CA,,,,
Medical College of Wisconsin,WI,officeofthepresident@mcw.edu,anne.brown@mcw.edu,,anne.brown@mcw.edu
Medical Prep Institute of Tampa Bay,FL,†tomas.lozano@polymtl.ca,,,
Medical University of South Carolina,SC,coledj@musc.edu,cawleypj@musc.edu,,drachmar@musc.edu
MedQuest College,KY,bkepley@medquestcollege.edu,,,
Meharry Medical College,TN,"officeofthepresident@mmc.edu
",†pmillet@mmc.edu,cqualls@mmc.edu,isamuel@mmc.edu
Memphis College of Art,TN,,lzyriek@mca.edu,,
Memphis Theological Seminary,TN,,,,
Mendocino College,CA,ecichocki@mendocino.edu,uvelasco@mendocino.edu,,
Menlo College,CA,steven.weiner@menlo.edu,linda.teutschel@menlo.edu,margaret.mcfarland@menlo.edu,
Merced College,CA,chris.vitelli@mccd.edu,asmcvp@campus.mccd.edu,†asmcvpja@campus.mccd.edu,
Mercer County Community College,NJ,,,,
Mercer University,GA,,Davis_DS@mercer.edu,,Solomon_wg@mercer.edu
Mercy College,NY,,sloving@mercy.edu,,kbowes@mercy.edu
Mercy College of Health Sciences,IA,dfiore@mercydesmoines.org,NKertz@mercydesmoines.org,,
Mercy College of Ohio,OH,thall@mercy.edu,jherrera@mercy.edu,,
Mercyhurst University,PA,,jhoward@mercyhurst.edu,,
Mercyhurst University-North East Campus,PA,,,,
Meredith College,NC,president@meredith.edu,,,
Meridian College,FL,†thuebner@meridiancc.edu,,,
Meridian Community College,MS,,,,
Meridian Institute of Surgical Assisting,TN,,,,
Meridian University,CA,,,,
Merrimack College,MA,officeofthepresident@merrimack.edu,,,
Merritt College,CA,dmjohnson@peralta.edu,Ichavez@peralta.edu,,
Mesa Community College,AZ,,,,
Mesabi Range College,MN,michael.raich@nhed.edu,s.mccauley@mesabirange.edu,,
Mesalands Community College,NM,,,,
Mesivta of Eastern Parkway-Yeshiva Zichron Meilech,NY,,,,
Mesivta Torah Vodaath Rabbinical Seminary,NY,,,,
Mesivtha Tifereth Jerusalem of America,NY,,,,
Messenger College,TX,,,,
Messiah College,PA,president@messiah.edu,,,
Methodist College,IL,,,,
Methodist Theological School in Ohio,OH,,,,
Methodist University,NC,,,,
Metro Business College-Cape Girardeau,MO,,,,
Metro Business College-Jefferson City,MO,,,,
Metro Business College-Rolla,MO,,,,
Metropolitan College of New York,NY,,,,
Metropolitan Community College Area,NE,,,,
Metropolitan Community College-Kansas City,MO,,,,
Metropolitan State University,MN,,arthurv@metrostate.edu,,
Metropolitan State University of Denver,CO,,,,
MGH Institute of Health Professions,MA,,,,
Miami Dade College,FL,,,,
Miami International University of Art & Design-Art Institute Dallas,TX,,,,
Miami Media School,FL,rmills@beonair.com,,,
Miami Regional University,FL,administration@mru.edu osanchez@mru.edu,financialaid@mru.edu,,
Miami University-Hamilton,OH,,,,parkerrl@MiamiOH.edu
Miami University-Middletown,OH,,,,theobask@MiamiOH.edu
Miami University-Oxford,OH,,tsireldl@MiamiOH.edu,,generalcounsel@miamioh.edu
MIAT College of Technology,MI,jwillis@miat.edu,cpipesh@miat.edu,,
Michigan School of Psychology,MI,fbrown@mispp.edu       fbrown@msp.edu,dzalapi@msp.edu,,
Michigan State University,MI,PresidentStanley@msu.edu,tfrazier@msu.edu,,
Michigan State University-College of Law,MI,,,,
Michigan Technological University,MI,†koubek@mtu.edu,jeh@mtu.edu,,shschult@mtu.edu
Mid Michigan College,MI,†chammond@midmich.edu,mmiller@midmich.edu,,
Mid-America Christian University,OK,president@macu.edu,sharon.lease@macu.ed,,
Mid-America College of Funeral Service,IN,,,,
Mid-Atlantic Christian University,NC,john.maurice@macuniversity.edu,jay.banks@macuniversity.edu,,
Mid-Plains Community College,NE,,,,
Mid-South Christian College,TN,griffin.larry@midsouthcc.org,,,
Mid-State Technical College,WI,,,,
MidAmerica Nazarene University,KS,dspittal@mnu.edu,,,
Middle Georgia State University,GA,president@mga.edu,jennifer.brannon@mga.edu,,
Middle Tennessee School of Anesthesia Inc,TN,,,,
Middle Tennessee State University,TN,†Sidney.McPhee@mtsu.edu,,,
Middlebury College,VT,sneil@middlebury.edu,staciem@middlebury.edu,,hross@middlebury.edu
Middlebury Institute of International Studies at Monterey,CA,,jdaytonjohnson@miis.edu,,
Middlesex Community College,MA,,,,
Middlesex Community College,CT,,,,
Middlesex County College,NJ,MMcCormick@middlesexcc.edu,,,
Midland College,TX,,,,
Midland University,NE,knoell@midlandu.edu,chatters@midlandu.edu,,
Midlands Technical College,SC,,,,
Midstate College,IL,,,,
Midway University,KY,jmarsden@midway.edu,,,
Midwest College of Oriental Medicine-Evanston,IL,,,,